Município,Província
Aguadulce,Sevilha
Alcalá de Guadaíra,Sevilha
Alcalá de los Gazules,Cádiz
Algeciras,Cádiz
Alhaurín de la Torre,Málaga
Almendralejo,Badajoz
Almensilla,Sevilha
Andújar,Jaén
Antequera,Málaga
Arahal,Sevilha
Archidona,Málaga
Aroche,Huelva
Arroyo de San Serván,Badajoz
Ayamonte,Huelva
Badajoz,Badajoz
Bailén,Jaén
Benacazón,Sevilha
Benalmádena,Málaga
Bollullos de la Mitación,Sevilha
Bollullos Par del Condado,Huelva
Bonares,Huelva
Bormujos,Sevilha
Calzadilla de los Barros,Badajoz
Camas,Sevilha
Carboneros,Jaén
Carmona,Sevilha
Carrión de los Céspedes,Sevilha
Cartaya,Huelva
Castilleja de la Cuesta,Sevilha
Chucena,Huelva
Córdoba,Córdoba
Coria del Río,Sevilha
Dos Hermanas,Sevilha
Écija,Sevilha
El Carpio,Córdoba
El Cuervo de Sevilla,Sevilha
El Garrobo,Sevilha
El Granado,Huelva
El Ronquillo,Sevilha
Encinasola,Huelva
Espartinas,Sevilha
Estepa,Sevilha
Estepona,Málaga
Fuengirola,Málaga
Fuente de Cantos,Badajoz
Fuente de Piedra,Málaga
Fuentes de Andalucía,Sevilha
Gelves,Sevilha
Gibraleón,Huelva
Guarromán,Jaén
Guillena,Sevilha
Huelva,Huelva
Huévar del Aljarafe,Sevilha
Isla Cristina,Huelva
Jerez de la Frontera,Cádiz
La Campana,Sevilha
La Carolina,Jaén
La Carlota,Córdoba
La Luisiana,Sevilha
La Puebla de Cazalla,Sevilha
La Rinconada,Sevilha
La Roda de Andalucía,Sevilha
Las Cabezas de San Juan,Sevilha
Lebrija,Sevilha
Lepe,Huelva
Loja,Granada
Lopera,Jaén
Lora de Estepa,Sevilha
Los Barrios,Cádiz
Los Palacios y Villafranca,Sevilha
Los Santos de Maimona,Badajoz
Mairena del Aljarafe,Sevilha
Málaga,Málaga
Manilva,Málaga
Marbella,Málaga
Marchena,Sevilha
Marmolejo,Jaén
Medina Sidonia,Cádiz
Mérida,Badajoz
Mijas,Málaga
Mollina,Málaga
Monesterio,Badajoz
Montoro,Córdoba
Oliva de la Frontera,Badajoz
Osuna,Sevilha
Palomares del Río,Sevilha
Paradas,Sevilha
Paymogo,Huelva
Pedrera,Sevilha
Pedro Abad,Córdoba
Puebla de Guzmán,Huelva
Puebla de Sancho Pérez,Badajoz
Puerto Real,Cádiz
Rosal de la Frontera,Huelva
Salteras,Sevilha
San Bartolomé de la Torre,Huelva
San Juan de Aznalfarache,Sevilha
San Juan del Puerto,Huelva
San Roque,Cádiz
San Silvestre de Guzmán,Huelva
Sanlúcar de Guadiana,Huelva
Santa Bárbara de Casa,Huelva
Santa Elena,Jaén
Santa Olalla del Cala,Huelva
Santiponce,Sevilha
Sevilha,Sevilha
Talavera la Real,Badajoz
Torremejía,Badajoz
Torremolinos,Málaga
Umbrete,Sevilha
Utrera,Sevilha
Valencia del Mombuey,Badajoz
Villa del Río,Córdoba
Villablanca,Huelva
Villafranca de Córdoba,Córdoba
Villafranca de los Barros,Badajoz
Villanueva de la Reina,Jaén
Villanueva de los Castillejos,Huelva
Villarrasa,Huelva
Viso del Marqués,Ciudad Real
